{"6": [0.5714231027302642, 0.7253062096631533, 0.8372211965234363], "8": [0.4983131084607184, 0.668165679959305, 0.718760062958884, 0.7783891572083877], "10": [0.4560475506534146, 0.5867922159202836, 0.7623636235643647], "12": [0.40360680411302763, 0.46682601524532197, 0.5626126987791013, 0.7407759301519307], "14": [0.45709664653736704, 0.5296928089076555, 0.6277957310296668, 0.8083051077341677], "16": [0.4340754593899214, 0.5819475871324326, 0.8057540507427194], "18": [0.45019309156141574, 0.5652056373698449, 0.7871596731404975], "20": [0.40718914946345486, 0.5574488544897649, 0.7808078754748203], "22": [0.5275100565688066, 0.6030186937718642, 0.8070960916179661], "24": [0.4965279087350095, 0.8246564703192589]}