{"6": [0.20748126906296815, 0.227518748555484, 0.2520288797204364], "8": [0.21699234371286025, 0.23446854874433992, 0.25006006499791494], "10": [0.2241318029218823, 0.24110488560073703, 0.25892662241353454], "12": [0.21478117653849987, 0.251263770039626], "14": [0.19219369389953692, 0.21068344753613108, 0.23539248194139784], "16": [0.1992374140274208, 0.22974195197891817, 0.2481787606309221], "18": [0.18090627833018363, 0.20607849811514264, 0.24383682779258117], "20": [0.1993654023387624, 0.22155490588840113, 0.24071856804490732], "22": [0.18393001507501086, 0.19822774118847472, 0.22968273863809519], "24": [0.17549328336745007, 0.20926817631067016, 0.23094460013990098]}