{"6": [0.1111754618728728, 0.11725814156118661], "8": [0.11410298626082127], "10": [0.106543553524869, 0.11519416749844613], "12": [0.10692185186843439, 0.1142425243881933], "14": [0.1054218523901177, 0.1107763517808496], "16": [0.10390143745487578, 0.11112077493451901], "18": [0.1004588452467937, 0.11164566379281766], "20": [0.10069346419337676, 0.1100602537090836], "22": [0.09847521329039627, 0.10989105771648498], "24": [0.10615139392860191]}