{"6": [0.12408025595967787, 0.13303052787654507], "8": [0.12758932749420965], "10": [0.12814132477481116], "12": [0.12620738565939715], "14": [0.1190754565088478, 0.1269526763818547], "16": [0.12104801700047166], "18": [0.11479842031589882, 0.11977566594789388, 0.1259240281991819], "20": [0.12123436807394745], "22": [0.11792503147683016, 0.12607553408600053], "24": [0.11687623799968024]}