{"6": [0.12916909585264125, 0.13521829446421674], "8": [0.13082581067741417], "10": [0.12521899821004118], "12": [0.11916285298744873, 0.12900943930732284], "14": [0.12481088668535213], "16": [0.12351388722861958], "18": [0.11694882558216546, 0.12483156267364345], "20": [0.11582088376864838], "22": [0.11617494986296929], "24": [0.11840628429416966]}