{"6": [0.14733428313147623, 0.15323469068793827], "8": [0.14725862427135716, 0.1519412812549618], "10": [0.14356054561553694, 0.15266654458609008], "12": [0.14050222419248892, 0.14846225865770243], "14": [0.14504708350156698, 0.15180591107305702], "16": [0.13721497091485033], "18": [0.14134692055567777], "20": [0.1345766081073686], "22": [0.1353679195295243], "24": [0.13196567765251083]}