{"6": [0.1569692349379881], "8": [0.15664431663977565], "10": [0.15052491571179677, 0.15649617355190515], "12": [0.14904424323257667], "14": [0.14819449794809067], "16": [0.14682083901622864], "18": [0.14588196040059112], "20": [0.1449779792376757], "22": [0.14247081124613642], "24": [0.14095005206133387]}