{"6": [0.13113961228589355, 0.13948155332677306, 0.1460359355731784], "8": [0.12581672705771313, 0.13206901584292355], "10": [0.12078192145205219, 0.13143614256904695, 0.14086103048023466], "12": [0.11566000483267637, 0.12846114219387222, 0.14516771129238204], "14": [0.12414005501309389, 0.13397531387333828], "16": [0.11330583385959295, 0.12692592954239604, 0.13559326315872527], "18": [0.14285934401929212, 0.15266619493106653], "20": [0.13844318853217974, 0.14910405298076757, 0.15896535259571132], "22": [0.15025901238540168, 0.16040775831042037, 0.1730251181090922], "24": [0.14080155473456604, 0.1522034605422455, 0.16018479460762114, 0.17472222451241246]}