{"6": [0.22430420301931142, 0.1358996336882517], "8": [0.19615438461454013, 0.11914823101956581], "10": [0.12997356937799265, 0.2079793250656882, 0.24820104284215622], "12": [0.21220675435488456, 0.2525568373959014, 0.13274812928949759], "14": [0.14494290770983392, 0.20604567611853739, 0.26651851907972846], "16": [0.1526312320451911, 0.21485051755416992, 0.27706980306314877], "18": [0.17600923965830917, 0.2399908025820345, 0.302666619323643], "20": [0.23841539404501524, 0.17569104103329286, 0.30314158811030323], "22": [0.3013785847716251, 0.23562404227598913, 0.16986949978035315], "24": [0.12080136092980526, 0.2547589560079408, 0.2973506016225275]}