{"6": [0.04453507941184559, 0.047196979785451176, 0.04968527796077814], "8": [0.04068761080110634, 0.044041151827107654], "10": [0.038406149606585116], "12": [0.03540469790293639], "14": [0.04258365500146885], "16": [0.047329792946048645], "18": [0.0524555971742569], "20": [0.051982316558811754], "22": [0.053052059081894754], "24": [0.05486576342675853]}