{"6": [0.20849882482938215], "8": [0.2136198282330779], "10": [0.20840217873633676], "12": [0.20353101844144666], "14": [0.2551664747328656], "16": [0.27336166353832075], "18": [0.27214551664721637], "20": [0.26873242158485405], "22": [0.2715550473793511], "24": [0.26258353406221224]}