{"6": [0.13055187517254496], "8": [0.12928484753379543], "10": [0.12761380818662443], "12": [0.12480658483286407], "14": [0.12350962226202089], "16": [0.12213968744824415], "18": [0.12074880675968745], "20": [0.11972939259165657], "22": [0.11863503886429172], "24": [0.11122001810145288]}