{"6": [0.06713771854224451, 0.07125974051582434, 0.07400775516487756, 0.07730537274374143], "8": [0.06645393305217431, 0.07246389505939664], "10": [0.05578146898196698, 0.06929409906853821], "12": [0.05833257564102742, 0.06691989875871995], "14": [0.08138528742179232, 0.07314826863422536, 0.06491124984665839], "16": [0.08383436678325389, 0.0970422697473928], "18": [0.0861503060331031, 0.09124146600312953, 0.09807816653430788], "20": [0.08270031221058083, 0.0916344427439221, 0.10056857327726337], "22": [0.08955194965949212, 0.09873713755586078, 0.10743889451031527], "24": [0.08914834090256513, 0.09821510307396855, 0.10610654422315301]}