{"6": [0.2076231027048145], "8": [0.20438237443003882], "10": [0.20576332025997845], "12": [0.20060006840968642], "14": [0.19815405606849354], "16": [0.197045669781409], "18": [0.1944939022470049], "20": [0.1928868604913263], "22": [0.1929426660150088], "24": [0.18913330849911011]}