{"6": [0.23043755611336791], "8": [0.2284314302921565], "10": [0.2260805271884804], "12": [0.2264710706441254], "14": [0.22048450613095769], "16": [0.21914553456672867], "18": [0.21858291363765348], "20": [0.21754539168303924], "22": [0.21606040688930003], "24": [0.21569251561001757]}