{"6": [0.22099156926021005], "8": [0.2191897180886076], "10": [0.21553928440623624], "12": [0.2147600238920669], "14": [0.21249550262863964], "16": [0.2086254316414381], "18": [0.21001320915894067], "20": [0.2077203803255883], "22": [0.20930242073104757], "24": [0.2053416727381827]}