{"6": [0.21554476223873642], "8": [0.21213567841705963], "10": [0.2124819792683439], "12": [0.20904941610965588], "14": [0.20709521212581655], "16": [0.2047222616589497], "18": [0.2048393479755323], "20": [0.2029624947519872], "22": [0.2011619275450471], "24": [0.19422425505004637]}