{"6": [0.18906653554225802, 0.19850993740184775], "8": [0.19442977243066353], "10": [0.19558413960059184], "12": [0.1780965019038421, 0.19658833766325357], "14": [0.17467652212786922, 0.19111807441019252], "16": [0.18734408294800142], "18": [0.18381011249431137], "20": [0.1834539078680204], "22": [0.18135529867421], "24": [0.1840507558333426]}