{"6": [0.2890556276364802], "8": [0.2938546116690124], "10": [0.2809107106227748], "12": [0.2942156643972649], "14": [0.3119926905118127], "16": [0.30990634242153037], "18": [0.2906912998486667], "20": [0.28797693622911763], "22": [0.28589293062874793], "24": [0.28013267345296666]}