{"6": [0.09637951818308929, 0.10873984960422006, 0.11566163520005329], "8": [0.10005751140368406, 0.10690271601160896, 0.11384858539317981], "10": [0.09522285632857266, 0.10463170556537157, 0.11035883118777093], "12": [0.08930979525185628, 0.09839606537835979, 0.10789534778334073], "14": [0.09067046580107453, 0.09840098551228219, 0.10550470632798653], "16": [0.09005926404837651, 0.09764732085769062, 0.10333836346467622], "18": [0.0825438252100118, 0.09294985494381508, 0.10271878081636511], "20": [0.08455816722709726, 0.09479367459860948, 0.10225706539033715], "22": [0.08277228777550749, 0.09735257955513421], "24": [0.0779867857046381, 0.08572668240261933, 0.09475656188359743]}