{"6": [1.1704535194867831, 1.0419014656549332, 0.9078791116600258], "8": [0.8450681379633747, 1.0738597413883382, 1.1464034205230829], "10": [0.8758063510490957, 1.1059062207864168, 1.1769246991004045], "12": [0.8865078277192099, 1.1200334508362881], "14": [0.8953277921695211, 1.1289320962539475], "16": [1.1340629261258106, 0.9185483221198911], "18": [0.9172574325505355, 1.1463926653018968], "20": [0.9288071382777997, 1.0845495554766305, 1.1744009500144177], "22": [0.920152636717382, 1.04384488441414, 1.1886553207420514], "24": [0.8209177002985077, 1.0365225636595568, 1.1944303509099026]}