{"6": [0.18845410054262424], "8": [0.18856188290165782], "10": [0.2136158234408359], "12": [0.20586094963111784], "14": [0.2084659714754001], "16": [0.21666082783973975], "18": [0.21192432000081365], "20": [0.20569526409472413], "22": [0.20316735537468833], "24": [0.20545212218058606]}