{"6": [0.09691841298500531], "8": [0.09527309577789073], "10": [0.09293936133010655], "12": [0.09129521565115833], "14": [0.08953800755550788], "16": [0.08769247078453729], "18": [0.08627003737536537], "20": [0.08496745499477719], "22": [0.08310086918796297], "24": [0.08138855243133744]}