{"6": [0.0937771087889398], "8": [0.09031228540357442], "10": [0.08761807553862944], "12": [0.08666979310398314], "14": [0.08536521833453715], "16": [0.08552296928325155], "18": [0.08367944410990066], "20": [0.08407153634574063], "22": [0.07937589988460528], "24": [0.07913592859027752]}