{"6": [0.10802984322746523], "8": [0.10607690278721414], "10": [0.10477909937101126], "12": [0.1017227440507813], "14": [0.09864676854179552, 0.1085829034213106], "16": [0.0972679908452043], "18": [0.09552001484160995], "20": [0.09501911909797928], "22": [0.09514986208553149], "24": [0.09219238009518116]}