{"6": [0.09982011770663324], "8": [0.09695844776448222], "10": [0.09571575387203535], "12": [0.0938819080051172], "14": [0.09065590436450247], "16": [0.0901794943092204], "18": [0.08974777314131858], "20": [0.08887927941034907], "22": [0.08735787527247096], "24": [0.08637232416180085]}