{"6": [0.11348388965881201], "8": [0.11014237810648503], "10": [0.10726673203983134], "12": [0.10545740388717317], "14": [0.10420203439903382], "16": [0.1029892667408712], "18": [0.10068975086789447], "20": [0.09920970856218618], "22": [0.09734810149282826], "24": [0.09533484367153336]}