{"6": [0.6960513746249508], "8": [0.6942686894663443], "10": [0.6848794593595114], "12": [0.6657340944359018], "14": [0.6689772864665426], "16": [0.6856515930921927], "18": [0.6980589849695166], "20": [0.7028829007286534], "22": [0.6860538582236502], "24": [0.6844711146507163]}