{"6": [0.6033130913964556, 0.7121328328986102], "8": [0.5722607447263952], "10": [0.5603803701105505], "12": [0.5624883864616773, 0.6288914086745897], "14": [0.514973885516953, 0.6039169360170235], "16": [0.5208647326156302, 0.6110738970076532], "18": [0.5009136163009312, 0.5823118482515872], "20": [0.4868761159016871, 0.5510729887289045], "22": [0.5056359022288651], "24": [0.4991835051576411]}