{"6": [1.3236529933398369, 1.4037273094501785, 1.488016063250538], "8": [1.3111892373388352, 1.4141270543034414, 1.47326154490013], "10": [1.2835381507895434, 1.353857820059927, 1.4196407364741566, 1.4650082650356941], "12": [1.2766117735965863, 1.3419486033319168, 1.4422873061397454], "14": [1.2902588727904987, 1.3704462986144452, 1.4530636464330569], "16": [1.234335311516169, 1.39139007670529], "18": [1.2933997186725004, 1.4012009606782734], "20": [1.273539284575093, 1.3763954179730342], "22": [1.2709364269005283, 1.3901046414008589], "24": [1.2616266215031477, 1.343585970562638]}