{"6": [0.15527441403759434], "8": [0.1537507341142981], "10": [0.15066423635814036], "12": [0.1496316849972248], "14": [0.147301388291936], "16": [0.14627698439173073], "18": [0.14548014986619762], "20": [0.14450157381084572], "22": [0.14297211752443123], "24": [0.1424970972653108]}