{"6": [0.1693565054267962], "8": [0.16778676871849174], "10": [0.16666963005003949], "12": [0.16419914892394413], "14": [0.16275906585432076], "16": [0.16259345743455844], "18": [0.1573511097097768], "20": [0.1577881887418036], "22": [0.15794305912683926], "24": [0.158581686317674]}