{"6": [0.17414456160762257], "8": [0.17338249227994518], "10": [0.17090005432228073], "12": [0.16858608074312442], "14": [0.16589028443207549], "16": [0.16677520312327382], "18": [0.16397856028466182], "20": [0.16270622538066903], "22": [0.1618839819227376], "24": [0.16107246277330883]}