{"6": [0.1586482538786543], "8": [0.15659542248667777], "10": [0.15596922018903706], "12": [0.15386936386831107], "14": [0.15262616665914325], "16": [0.1516034129345083], "18": [0.1510261958630676], "20": [0.14891913705544607], "22": [0.1485485382242509], "24": [0.14679660461285962]}