{"6": [0.14626115824993385], "8": [0.14348936124050404], "10": [0.1416041890184849], "12": [0.13896585444447368], "14": [0.13780025328244044], "16": [0.13580115550515945], "18": [0.1363890048178245], "20": [0.13298027915703237], "22": [0.13474002755604586], "24": [0.12964798136680222]}