{"6": [0.03749076642419685, 0.043740414140833905], "8": [0.041902188633239905], "10": [0.038558025081716504], "12": [0.03826059882818708], "14": [0.03769648578925244], "16": [0.03959545246069327], "18": [0.04021520859185542], "20": [0.047154483269526745], "22": [0.04506871381654447], "24": [0.046121843333781026]}