{"6": [0.08594840081698725], "8": [0.08185494316816039], "10": [0.06798213524616617, 0.08068475386585329], "12": [0.08035211551611374], "14": [0.07708546128010119], "16": [0.07612797923533693], "18": [0.08242097966196488], "20": [0.08331901281501679], "22": [0.08287014168257403], "24": [0.0808251621657981]}