{"6": [0.08551035745091291], "8": [0.08131801519688678], "10": [0.08809572690936196], "12": [0.08140224367939745], "14": [0.08454861603688085], "16": [0.08355441482948804], "18": [0.08751559882508506], "20": [0.08309537358971125], "22": [0.08899428781405311], "24": [0.09507610364408653]}