{"6": [0.0836149416234016], "8": [0.07348616388441077], "10": [0.07544990073493255], "12": [0.0796263869395375], "14": [0.08431317871679801], "16": [0.08353421255170099], "18": [0.08039651185833765], "20": [0.07985948417768424], "22": [0.08435487668550842], "24": [0.09585825037937823]}