{"6": [0.03353136228073737, 0.04393450257923878, 0.04882553122704168], "8": [0.036038051724735565, 0.04594368839450641], "10": [0.027911186042868682, 0.037186841266107315, 0.045010654802230335], "12": [0.03589001007459011, 0.04553585396853639], "14": [0.036836242712170494], "16": [0.03775023071587112], "18": [0.0419829803979823], "20": [0.04429214297684561], "22": [0.04502680517225045], "24": [0.04975992586102133]}