{"6": [5.226809267057332, 5.4374037466829295, 5.7059880105532566, 5.998989025684523], "8": [5.344040847721229, 5.591331913482644, 5.819841379312812], "10": [4.96513433387293, 5.33428371692525, 5.627057365552952], "12": [4.841380690295111, 5.498315094679923, 5.7044121627222175], "14": [4.820218313642666, 5.250055092669195, 5.471486160652558, 5.862246868858493], "16": [4.902067775763617, 5.217670546542512, 5.441222509177563, 5.862026203549425], "18": [4.755236152717119, 5.458432486952428, 5.843200292477409], "20": [5.071897473333527], "22": [5.041143703763677], "24": [5.174626842587234]}