{"6": [0.4128759998614813, 0.6883789187795939, 0.8714771319736188], "8": [0.37341961868439055, 0.6576348140379055, 0.8225498039343894], "10": [0.599924362279102, 0.8705367574881421, 1.151831220929118], "12": [0.6618305633714222, 0.8056410688206902, 0.9566420995424214], "14": [0.4535412584226189, 0.7757175023880917, 1.0435943793930917], "16": [0.7439841552491825, 1.0350624887063615], "18": [0.6218699574124912, 1.0624823181562093, 1.462365805217735], "20": [0.5939674934367163, 0.7710385093386602, 1.0535986410970815, 1.3964382676306326], "22": [0.5703471028542346, 1.0097071594832008, 1.3611952047863738], "24": [0.5885856046998734, 1.0523536532976823, 1.3383439499329974]}